sequence,start,end,direction
GGGAAGGG,70814,70821,leading,GTTTCTTTCGCCCGGATGAAGCGCACCAGCCGCATTTCAGCGACCTGTTTGGGCAAATCATTAACGCCGGGCAAGGGGAAGGGCGCTATTCGGAGCTGCTGGCGATAAATCTGCTTGAGCAATTGTTACTGCGGCGCATGGAAGCGATTA
GGGAAGGG,111312,111319,leading,TTTCGCTATTTGAAAAACTGGAATATGAATTCCCGGACAGGCATATAACACTGTGGTTTTGGCTGGTCGAACGCTGGGAAGGGGAGCCGTGGGGTAAAGAAGGGCAACCCGGTGAGTGGATGTCGCTGGTCGGTCTTAATGCCGATGATT
GGGAAGGG,117702,117709,leading,GAAAGCAGATTCCGAGGTTTTTTATTTCGTTGCAGCGAAAGACAAGAAATTTGCGAGGCGTTACGAAGAAAGTTGGGGAAGGGGAGATTATCCGCCCGCGATGGAGCGGATAAATCTGTCAACTATTAGCGAAAACGCATTGAAAGGTCG
GGGAAGGG,182334,182341,leading,CACTCAACATTCAGCGCGGCGACAGCACCATCTACCTGTTAATGCAGTAATCTCCCTCAACCCCTTCCTGAAAACGGGAAGGGGTTCTCCTTACAATCTGTGAACTTCACCACAACTCCATACATCTTCATCATCCTTTAGGCATTTGCA
GGGAAGGG,187625,187632,leading,TGTTTCATCACGCAGGTCGATTAGCGTACCGCGTAGCTGAAACTCATCGTCGATTGGACGTGGTTTTTCGTCGGCGGGAAGGGCGAGGATGGCTTCATCGAACAGTTGCAGCAGCATCTGGTTGAGTTCACTGACGCGGCGTGTAACGCG
GGGAAGGG,249695,249702,leading,TACGCACGTCATGGGCGATATCGCCGTTGTCGCTGACGCGGGTGACGATAATCGCCGCCGCGGTGGAGAGCAGCAGGGAAGGGATCTGCGCCACCAGGCCGTCGCCGATGGTCATCAGCACATACTGCTGGAAGGCAGCATCGGCGCTCA
GGGAAGGG,321496,321503,leading,TGATGGAAGTCCGCCCTGAGTATTTAATTGGTGCTGACGTGAGTTGCCTGCTAAACATCAGTGGGCGATTACAACGGGAAGGGCAGAAAGTCAAAGTGATGCATATTGCTGAAGTGTTGATGAGCCGCTGAGGATATAAAGATGTCGATC
GGGAAGGG,363989,363996,leading,TATTCGCAAAGGATCAGCGGGCGCGTCTCTCCAGGTAGCGAAAGCCATTTTTTGATGGACCATTTCGGCACAGCCGGGAAGGGCTGGTCTTCATCCACGCGCGCGTACATCGGGCAAATAATATCGGTGGCCGTGGTGTCGGCTCCGCCG
GGGAAGGG,365382,365389,leading,GCCAGCTTTCCGGCACCGCTTCTGGTGCCGGAAACCAGGCAAAGCGCCATTCGCCATTCAGGCTGCGCAACTGTTGGGAAGGGCGATCGGTGCGGGCCTCTTCGCTATTACGCCAGCTGGCGAAAGGGGGATGTGCTGCAAGGCGATTAA
GGGAAGGG,453949,453956,leading,TTTACAGTACTTTAGCGGAGGAACTCTCTACTACCGTTCATGCGCTGGCTCTGCATACTTACACTATTAAGGAGTGGGAAGGGTTGCAGGACACCGTCTTTGCCTCTCCTCCCTGTCGTGGAGCAGGAAGCATCGCGTAAAAACGCATTT
GGGAAGGG,514787,514794,leading,GCGGCGCGTCAATCACCTGAATAAAGCACACGGCGTCGATGGTAACGTTGGCGTTATCTTTCGAGATAACTTCCTGGGAAGGGATATCGAGCACTTGCTCCATCATATTGATCTTGCGACCAATGCGATCCATAAACGGCACCACCAGAC
GGGAAGGG,541983,541990,leading,AACCGGGCATTGAAATTGTGTTGAATGCGGTCAATCTTGCGCAGGCAGTGCAGGGCGCAGCACTGGTGATTACCGGGGAAGGGCGCATCGACTCGCAAACGGCAGGCGGTAAAGCGCCGCTGGGTGTGGCGTCGGTGGCGAAGCAGTTTA
GGGAAGGG,680258,680265,leading,AAGCATTAATTGCTGGTGGCTCGGAGAGAGGGTTGATTTATACCCAATTCGTTGCCCAAACCGCTATGTGCTGTGGGGAAGGGGGAATCAAAGCCTGGGATTATGTTCGAATGGGGTTTCTGTCACGGGTCGGTGTGCTCAACAAGTGGC
GGGAAGGG,686315,686322,leading,CCCACAAAATACCAATCACTACCGCCGTGACGGTGATTTTCAGGGTGATCACCAGCCCGTCGAGCAGATATGGCAGGGAAGGGACAATGGAACTCCAGTCAAACTCGTACATTATTTGCCCCCCATGTTGCCAGGCAGGCGAACTTTACG
GGGAAGGG,690684,690691,leading,GGAATATCGCCCTGAACCATCGAAACCTGAATGGTTTTCTCCGGTTGTGGGGTAAACCACTGGATGTAACGCAGCGGGAAGGGAAGGGCAAACAGCACGACGGCCACCACCAGCGGACGCCAGTTGCGTTTGACCAACGCCAGTGCCAGC
GGGAAGGG,740416,740423,leading,GCGCGGTGATGACCGGTAATCACGAGATGTACAAAGTCTTTACGCCTTTTAAGAATGCCTGGCTGAAACGGCTGCGGGAAGGGATGCCGGAGTGCGTCGCTGCGCCAAAAGTTCGTAGTAGCGGATCGATAGAGCCCTCGCCATCCATTA
GGGAAGGG,911528,911535,leading,CTGCAACCGTTTGTTTCATGGTTCTCCATCTCCTGAATGTGATAACGGTAACAAGTTTAGTTCATCTGACGGAGGGGGAAGGGATGGGAGAGAAAGGAGGCACTAACGGTTAAATAGCCCGATGAAAGGAATATCATCGGGCATAAGGCG
GGGAAGGG,927809,927816,leading,CCATTAACAGGCGCGCAGGGCTAAGATCGCCCCCAAGTGCCAGCAGGCCGTTAGGCTCACGTAATGCGCCTTCCGGGGAAGGGAAGGCTATTGAATGGCGAGAAAGCTGAACCAGGCGCATGACCGCAAAACTCCACGCAAGTCGGATCG
GGGAAGGG,947855,947862,leading,TGGGTGTTTATCTTTGCACTCTATTTCACACCTTATGCGCTAATTGTTGGTCAGTTAGGCTCGACCTTCAAAGATGGGAAGGGCGGGGTCAGTACCTGGATTAAACACACGATGGGACCCGGACTGGCTTATCTCGCCGCGTGGACCTAC
GGGAAGGG,1037442,1037449,leading,CGTTGGGCGAGGTGCTGGCAGTCGATCTGTTAAATCTCAACGCCGACGATCGTCACTTTATCAATACGCTTCTCGGGGAAGGGGAAGTGTCAGTGCGCATTCAGCAGGCTGACGACAGTGAAAGTGAAATACAGGAGGCGATCTTCTGCG
GGGAAGGG,1057404,1057411,leading,TGCAGGAGATGCTGGAACGCCATCCAGAAATCGACGTCGTTGCCGGAACGGCCATTGCGGCAGAGGCGGCAATGGGGGAAGGGCGTAACCTGAAAACGCCGCTTACCGTGGTGTCGTTTTATCTTTCACATCAGGTGTATCGCGGGCTGA
GGGAAGGG,1082162,1082169,leading,CAGTCGATAGCGCATTGCAGCGTGGAAATCATCATGGCTGGGCGCTGGTGATGATGGTCTTTTTTGCCGTTGCAAGGGAAGGGCTGGAGTCGGTCTTTTTCCTGCTGGCGGCATTTCAACAAGATGTCGGGATCTGGCCGCCGCTGGGTG
GGGAAGGG,1084426,1084433,leading,CCCAGGACACGGTTATCCATGCGCTGCGCGATATCATCAAACACACGCCGGATTTGCTCAGTGTGCGCTGGAAGCGGGAAGGGTTTATTTCCGATCACGCGGCGCGTAGTAAAGGCAAAGAGACGCCGATTAATTTGCTGGGTTTCAAAG
GGGAAGGG,1156266,1156273,leading,ATACCGCCAATACCACCGATGTCGCGTTACTCAAGCGAGCGCACAAGAAAATGGTGAAAGCGGTCGATAGCGCCTGGGAAGGGCGTGCGGACGGTCTGCCTTATAAAGATAAAAACCAGTTGGTGACGATGGCATCAATTATCGAAAAAG
GGGAAGGG,1219722,1219729,leading,CGCCTGAAGAGATCCTGCGACGGGCAATAAATAATGGGGAGATCGTCCCTTTTTACCAACCTGTGGTAAATGGTCGGGAAGGGACATTGCGGGGAGTTGAGGTGTTAGCCCGCTGGAAACAACCTCACGGTGGATATATATCACCCGCGG
GGGAAGGG,1276613,1276620,leading,TATTAAGTTTGACGCCGGGCGCACAAGCCAACAGCGCGGAGGGCTGGACGCTGATCATGCCTGACTGGCAGAACGGGGAAGGGGCAAGCAATCACTGGCGATTGTCTGTGGTGGTGGAAGATAACCAGGGGCAGCGTGTCTCCTCCAATG
GGGAAGGG,1351867,1351874,leading,GCTTTTGCCGGTGATGTGGCGTTGTTCCATGGGCGCTCCTTGGTCGTAAAGGAAATCGTTATCCTGACGCAAGGCGGGAAGGGGAGAAAGACGGATCGGCGATAACAAATATCAGAAAGGTATAACAGAGATAACGGGCGGCAGAACGCC
GGGAAGGG,1407889,1407896,leading,CGCTGCAGCTTGATAATTTCCTCACCACCGGATTTCTCGACATCATCCCACTAAGTCAGCCGCTGGAGTTTCGGCGGGAAGGGTTGCAACATGGGGTGCTGGATAAGCTGCGCAGTGGTAAATATCCGCAACAGGCGAGCCTGAATCTTT
GGGAAGGG,1558390,1558397,lagging,TTTTAAGCCCACAGGAGAGCAACAATGACAATCCATAAGAAAGGTCAGGCACACTGGGAAGGCGATATCAAACGCGGGAAGGGAACAGTATCCACCGAGAGTGGCGTGCTGAACCAACAGCCGTATGGATTTAACACGCGTTTTGAAGGC
GGGAAGGG,1565979,1565986,lagging,GCATTGTGAGCAGTGGAGAGCAAGTAATCGCGGTTTTTACCCAGGTCGTAGCTGATGCCAATACTCAAGGTAAGCGGGAAGGGTTTATCGTCAATCATTATCGGCTTGCTGACCACATTCCGTAGCTCATCGGCGATTTGGGTAATGTTA
GGGAAGGG,1589126,1589133,lagging,GTAATATAGAGTTTTAACGGTAATGGCATCGGTGTCTTATCACCAATATCCAATACGTTGGTATTTGTCGTCAACGGGAAGGGGTAGGTCACATTATTCCAGTACAGCGATCCTTTATATGACTGTAGGGAGCCTGCGAAAGCTGAGCCT
GGGAAGGG,1783091,1783098,lagging,AAGTCGTCCCTGCCCTGATTAGCCAGTTGAGCCGCTAATTCCCCTTTCAACCACATCTCCCGCTGTAAACGCAGCGGGAAGGGAGCATAACGCATGTCGGATGACAAATTTGATGCCATTGTGGTCGGTGCGGGCGTTGCTGGTAGCGTT
GGGAAGGG,2377851,2377858,lagging,CGCTAAGCAAAGCCTATGCCTTGCTCAGTATGAGTTATGTGCTGGTATGGATTGCTTCAATGGTACTTCCCGGCTGGGAAGGGACTTTTTCGCTGAAAGCACTACTGGGAGTAGCCTGTATTATGAGCGGGTTGATGCTGATTTTCCTGC
GGGAAGGG,2405615,2405622,lagging,AGGATCGCCGGAACGTTACACAGGGTTTCGACGTTGTTGACACAGGTCGGTTTACCCCATGCGCCGGAGGTTGCCGGGAAGGGTGGCTTCGAGCGTGGGTTAGCACGACGTCCTTCCAGGGAGTTGATTAACGCTGTTTCTTCCCCGCAG
GGGAAGGG,2524205,2524212,lagging,TTGAAGTATTGCTGGTGACACTGGCGAAAGAGATGACGCCAGTTGAACAAAAACAGTTTACATCCTTGCTTCTGCGGGAAGGGATTATCGGATTGTTACAACGCTTAGGGATTCGCGATAGCAAATAATATGAAAAGATTACGCAATAAA
GGGAAGGG,3711210,3711217,lagging,CAACAGACTCTGCTTTTGACACACAATATCGACACTCTGGGGCAGATGAGCTGCAACCCGGCGATCGGCGGTATTGGGAAGGGACATCTGGTAAAAGAAGTGGATGCACTCGGCGGTCTGATGGCGAAAGCGATCGATCAGGCGGGTATC
GGGAAGGG,4035360,4035367,leading,AATAGCGCCAGCTGCATACCATGCATCAGCACGGTAAAAATCAGCGCCACGTTAACGAAGATATTCAGCGGGCGTGGGAAGGGATGCACCAGGTTGAGGATTAAAAATCCCCAAACGCAGAGCATTAACAAACGACCAATATTAATCAGC
GGGAAGGG,4154382,4154389,leading,CCTCTGTTATAAGCTTTCTCCAGAGCCAGATAACGCCGCTGTCTCTGGATTGCCGAAATATGCTTCCCGCTACCTGGGAAGGGGCTATCAACTGTACTGCACGGTAATGTGACGTCCTTTGCATACATGCAGTACATCAATGTATTACTG
GGGAAGGG,4164819,4164826,leading,AGGCGAGTAGTGCTTTTCAGTTTGCGCAGGCGCTGATAGCAGATGGCCATGAGTTAAGCAGCGTCTTTTTCTATCGGGAAGGGGTCTATAACGCTAACCAATTGACCTCTCCGGCAAGTGACGAATTTGACCTCGTACGGGCCTGGCAAC
GGGAAGGG,4241369,4241376,leading,CTGCGCCCATTGGTCCGTCGCAGTCGGATTTCGGTGGCGTAGGATTATTACAAACGCCCACCGCGCGTATGGCACGGGAAGGGGAGTTGAGTCTGAACTATCGCGATAACGATCAGTACCGTTATTACTCAGCTTCAGTGCAACTCTTCC
GGGAAGGG,4267026,4267033,leading,CACCGCTGGCAATCAAAGAGAACAGTTCATTACTGGCCTCGGTTAATTCCTCCCGCGTGGTGATATAGCCTTGCAGGGAAGGGCGTGTCACATACAACGAGCCTTTTTGATTGAGAATGCCTAAGTTCACACCGGTAACCGCACCTGATG
GGGAAGGG,4286829,4286836,leading,GAGTTTATTTGTTTAATATTATGGGAAAAGGTGATGCATTTGGGAGAGGAAGAGTATTCCCCGGTCAGACGACCGGGGAAGGGGAGAGATTAATGCGCGCGGCCTTGCTCAACGCCAAAGCCGGTCTGGGAGCGGATAAACTGCGCGCGG
GGGAAGGG,4404797,4404804,leading,ACGATGAAATGGTTTATCGAGGTGTTTGCGCCACGAGACAGTTGGCGAAGCGGCAGATAACCTGGCTGCGTGGTTGGGAAGGGGTTCACTGGCTTGACAGTGAAAAACCAGAACAGGCGCGTGACGAAGTATTACAGGTTGTTGGTGCTA
GGGAAGGG,4464627,4464634,leading,TGCCTGCACTCAGGTAACAGGGAACTTATCATCGCAAATGATGCACCACCTGATTGCTGCTGCCGCGCCAGATCAGGGAAGGGTCTTTTAAATCCTGCACAAATTTGCCGTCGACCAGCACGTTAATCAAATCAACAACCTGCATTTGCG
GGGAAGGG,4470404,4470411,leading,ACCAGCAAATACCGACCGGCAGGTAGAAGAAGATCGCTTCACCGATCAACCACAGAAAATCGTAGATCGTTTGCAGGGAAGGGTACATTTGCGCCAGCGTCTGACCGTTGCTCATGGGCAAATCGCCGATCACATTGCGAAAACCGAGGA
GGGAAGGG,4471773,4471780,leading,CTGACAACGAATCCAGACGGGTAACAATGATGGCGACCACTTTATCGCTTTGCCCACGCATAGCGCGCGCAGAGCGGGAAGGGGAAAATCCATGCTGATTCATCACTGCTTCAACACGCTCGCGGGTGAGCTGGCTCACGCCGCTTTCGT
GGGAAGGG,4563783,4563790,leading,CAGAGATGGCGCATTTCACGCCAATCACACGATCGATAATCGCCACGTCTTTTTCCACGGAACCCGTAATGGTGCGGGAAGGGACATGATAAGCGCCGGTCAGCATCCAGGCGCTGATGCCTTCTTCATTGAGCGCACGGGTCTTGGCGA
GGGAAGGG,4600453,4600460,leading,AGTGGCTGAGAATATGACGCACTGTGGTGCGGCTGATGTTGTACATTTCCGCCAGCGCACTTTGCGATGGAAGTGGGGAAGGGATATGACCCCGCGCCATATCATCAATGACCTGGTTAATCACATTGTGGCGTAAATTTTGTGAACGAC
GGGAAGGG,4607860,4607867,leading,CGTTTTTTAATGTTAACAAGCTAAAACCATCAGATTTCATTGAATAAATATTGGTTGTGTGATTTTGCATTCTGCGGGAAGGGATATCATTTAATTATAAATTAAATGAATGTGATTTCTGTTTTTCATTAAGTATTCCTAACAACTTAA
GGGAAGGG,4613104,4613111,leading,GATTACGCAAGTGGTGCTGGATGAAGCTACATTGTTCAATATTGCGGTCGATCCTGACTATCAGCGTCAGGGATTGGGAAGGGCGCTGCTGGAACATCTGATCGACGAACTGGAAAAACGCGGCGTGGCGACACTATGGCTGGAAGTCCG
GGGTAGGG,226943,226950,leading,GAGTCGGCCTGCGCGGAAGATGTAACGGGGCTAAACCATGCACCGAAGCTGCGGCAGCGACGCTTATGCGTTGTTGGGTAGGGGAGCGTTCTGTAAGCCTGTGAAGGTGTACTGTGAGGTATGCTGGAGGTATCAGAAGTGCGAATGCTG
GGGTAGGG,389000,389007,leading,ACGAGGGCGTTGGATTAAGTCTGTCATGGTCTGCCTGATGTTTGTGGAATCGAGGGGCATAGTATACCTGAAGCAGGGTAGGGATGTTTTACGAAAGTTGTCGCGATGTTGACAAGAAGAGAATGGAAGAGAGGCCAGGACATCTTTTTA
GGGTAGGG,635709,635716,leading,TTGTCGGGCAAGTTCGGCTGTCAGATGCAGCATTAAACCAGAGTCTTTGCCGCCAGAAAATGAGACACAAACGCGGGGTAGGGTGTTGAGTGTCCAGGTAATACGCTCTCGTGCAGCTTCCAGAATATTGAGCGGAAGAGGAATTTTATA
GGGTAGGG,906382,906389,leading,TAGTGGGTCAGCGGCGGCTCTTTTGCTGACTTGCGGCCTAAACGCTCCATGCTGCGGGCGATCATATCCAGCATCGGGTAGGGGACGGAACGAATACGACAGTCAATATTCAACTCGTCGATCAGCTTCTGCACGATGCTGCGCAGTGTG
GGGTAGGG,944687,944694,leading,TGCTGATGGGCATTGGCTTTATCGCCTCTATGCTCCATCTTGGTTCACCAATGCGCGCTTTTAACTCGCTCAACCGGGTAGGGGCTTCAGCACTCAGTAACGAAATCGCCAGCGGTTCGATCTTTTTTGCCGTAGGCGGCATCGGCTGGT
GGGTAGGG,1006357,1006364,leading,ATTTAGACATTTTGTACTTTTATTGTTGAGGTTATTAAGCGAAGCGACAATGGATTGTGTTGCTGCGGTTTTATAGGGTAGGGGAGAGGCAGATGCGAATTAAACCAGACGATAACTGGCGTTGGTATTACGATGAAGAGCACGATCGAA
GGGTAGGG,1080844,1080851,leading,TGTGCTCCAGTGCGATTACCGAAGATTTGTACAAAGCGTTTCTGCGTAAACATGCCAGCCAGAAAGAGCTGGTGTGGGTAGGGCGTGTGATGGTGCTGGTGGTGGCGCTGGTGGCGATTGCGCTGGCGGCAAACCCGGAAAACCGCGTGC
GGGTAGGG,1099313,1099320,leading,ATGGCCCGGATATGGAAGATGCGCCGCATCACTGGCACTTCATTAACATGCGTATCTGGCCGCGAGTGGTTGATGGGGTAGGGATCCTGCGCGGCATCGAAGCTAACATTAAAAATGTTGATGGTGAAATTGACTGCAGCGGTAAAATGT
GGGTAGGG,1101726,1101733,leading,CAGCGAGAATCTTTCAGTGCCGTGACCAGCATTGCCGTGGCGCTTTGCGGAACAGCAGTGGAGAAGTTACTTGCCGGGTAGGGTTTAAATTGCCCGGTTTCGTCCTGAATGTTGTATACCGAAACAAAGATTTTACCCGTCGGCGCTGGC
GGGTAGGG,1118056,1118063,leading,TGCACAATTTTTGCGCGTCGTTTCATAAAACGTAACGCCAGTTTTCCTAATCCACAACCGAGGCGGTAGATAACCGGGTAGGGCAATTGCACGACTAACCAAAGTACGCCAATACCCAACCAGGTTAACCAATAACGCGGATGAAGCAGT
GGGTAGGG,1121192,1121199,leading,TATTTCCCCTAAAACTGACGCAAATTTAAAACCGTGCCCACTCAGGCCGGTAATGAGCAGTGTATTATCGTGGCCGGGTAGGGTATCGATAATAAAATCTTCGTCAGGCGAATTATCATAGGTGCAGGCAGCGCCGTACAGGCAGCAACC
GGGTAGGG,1196120,1196127,leading,TTTTGCGTTCACGAATTGGTGGATTCCGCGGCCATAACCACGCGGGTTCGTCAACCAGCTCCGCGCCGGCGGGCAGGGTAGGGCCATCATTTAAGGTTACGCCATTGCGCAAGGCTTCAAGTGCGTCTTGTGTGGGAATACCTTCCACCT
GGGTAGGG,1279354,1279361,leading,ATTGGCTGAAGTATACCCATACCCGGAAAGAGTTACTCCTTATTTGCCGTGTGGTTAGTCGCTTTACATCGGTAAGGGTAGGGATTTTACAGCACCGTGAAAAATCTCATAATTTTTATGAAGTCACTGTACTCACTATGGGTAATGATA
GGGTAGGG,1336284,1336291,leading,CAGGGTTAACGCCGCGTATCGTTTTCACGGCAACGGATGCTGACGTCATTAAAACTTACGTCCGGTTAGGGCTGGGGGTAGGGGTCATTGCCAGCATGGCGGTGGATCCGGTCGCCGATCCCGACCTTGTGCGTGTTGATGCTCACGATA
GGGTAGGG,1442788,1442795,lagging,TCTGTGCTGCCTATTATTTATGGCGGTGTCGTTTGGCTTGAAGATCAGAGGAAGAAAAGATGCGAGCAGCGTTTTGGGTAGGGTGTGCCGCTTTATTGTTGTCGGCGTGTAGTAGTGAACCTGTTCAGCAGGCGACTGCCGCGCACGTAG
GGGTAGGG,1565099,1565106,lagging,GCGAGTGCGGGCGAGAGGAATTTGTCAGATTTTCAGCGGTAACACGCTGCTCATCCAGCCTGGAATTTCTTCGGCGGGTAGGGGGCGGGAAAAGAAATATCCCTGAATAACGCGACAGTGGATCTTGCGTAGCATCTCAAATTGCTCTTT
GGGTAGGG,3259259,3259266,lagging,CGGCGCGACGACCGTCCGGCGTATTACCGGTTTTCTGGCCGTACACCACGTTAGAAGTGATAGTCAGAATCGACTGGGTAGGGACGGCGTTGCGATAGGTTGGCAGCGCTTTAATTTTCTTCATAAAGCGTTCAACCAGGTCGCAGGCAA
GGGTAGGG,3829759,3829766,leading,AGTATCTGCATCAGAAGTGCGCGAAGAAAAAAACGGCGATTAAACCGTGGCTGATGGATAACAAGCTGGTGGTAGGGGTAGGGAATATCTATGCCAGCGAATCACTGTTTGCGGCGGGGATCCATCCGGATCGGCTGGCGTCATCACTGT
GGGTAGGG,3987145,3987152,leading,CATTAATGGTTAATAATGTTGAAAATAAACCTTCGATTTGTTTGTCAAGATATTGTCCATCTTTATATAATTTGGGGGTAGGGTGTTCTTTATGTAAAAAAATAGTGTCACCTAAGGAAGGTGCGAACAAGTCCCTGATATGAGATCATG
GGGTAGGG,3995528,3995535,leading,ACTCGGTGAAAAATAGCCCGGAACTGCGTGAAGCCTACGAACAAACCCTGCCGCTGCTGTCGGAATACAGCACCTGGGTAGGGCAACATGAAGGGCTGTATAAAGCGTATCGCGACCTGCGCGATGGCGATCATTACGCCACGCTGAACA
GGGTAGGG,4214817,4214824,leading,GAGTCGGCCTGCGCGGAAGATGTAACGGGGCTAAACCATGCACCGAAGCTGCGGCAGCGACGCTTATGCGTTGTTGGGTAGGGGAGCGTTCTGTAAGCCTGCGAAGGTGTGCTGTGAGGCATGCTGGAGGTATCAGAAGTGCGAATGCTG
GGGTAGGG,4272646,4272653,leading,GTTTTGTTGCTATTCACATATGATATATTCATATCATCATCTCCATCGCGAGTAATAAAATTAATCACCATTGTAGGGTAGGGGGCTGGTCAATCAGAAATCATCTTTATAAACTTCGATTGTTTTTGTAATGCTGTATCATTAAGTTCA
GGGTAGGG,4300620,4300627,leading,GGAGTCGTTGGCGTGGGCAAAGAATGTCAAAAACAACATCAATGCGATAATTTTTTTCATTTTGATAATACGATTGGGTAGGGAGTAACCAGTATAAAGAGTTCGAATGGATAAAAAAACAGCCTCCGAAAGGAGGCTGTAGAAAGGACG
GGGTAGGG,4357101,4357108,leading,TCGCAGTTGATGGGAGAGTACAGAGTCACGATATTTTTCATTCTCTCCGCGATGTGATGCAGGAGAGCATCTGAAGGGTAGGGGGATGCACAAAGAATGGGCAGAGAGCGCGTTTTTTTGTCCCAAGTCATCCCCTTTACTGAGCAAAAA
GGGTAGGG,4401760,4401767,leading,ATGTGCTGGCGAACAGTCAGTCTGACCCCTATTTAAGCCAGGCGGTGCTGGATTTACAGTTCGGTCATTCCCAGCGGGTAGGGTATGATGTAGCGACCAGTATGATCAGTCAGTTGCAACGCATTGGCGAAATACATAAACGTCGACCAG
GGGTAGGG,4437062,4437069,leading,GAGTGCGCCAACCCATGAGCAAAGCACGGCTATCGCAACCATCAGACTAATAAACACCAGCGGACGGGGGCCAAAGGGTAGGGAGAAGTCCGGCGTTTGCGTATTCAGCCAGTAACAAGCGACGAGATAGCCGATAAGTGAAACCGGCAG
GGGGAGGG,404753,404760,leading,GCGATTTGCGCCACTTCTTGCGCCGATTCTGCGGCGTTGATGCCGAACTGGTCATGCAGGGCGGCGACTTTATCCGGGGAGGGGGTGTATACCCAGATTTGCCCTGGAAGCACCTGACCGCTGGCAATCAGACCGCCGAGAATGGCTTTT
GGGGAGGG,507218,507225,leading,CAAACGGGTGGGCAGGGGAGCCATATCGTGGCTACCCATATGAATACTGCCAATCAGATGAAAATGGCGATTGCCGGGGAGGGTGATATCGATGGCAGGCCAGGTGTAATGATTACCGCGCAGCGCGGCCCAAAGCGTTTTTACCCGGTA
GGGGAGGG,546552,546559,leading,CCGGAAGGCAATATTGGCGTCATTGGCGCTTCCGGTACCGGGATTCAGGAGCTGTGTTCGCAGATTGCGCTGGCAGGGGAGGGAATTACTCACGCGATTGGCCTTGGCGGGCGCGACCTCAGCCGTGAAGTGGGCGGCATCAGTGCGCTA
GGGGAGGG,589149,589156,leading,TGCCAGACGCAGAGCTTCAGCCTTGTTACGGGTCGCCACGCTGACAGCATAACGCTCCTCAAGCATTTCATTGGCGGGGAGGGTGGCGAGCAGTTTTTGCGCTGCGTCGTACTGACCTTCTTTTAACAGCACCGGTAGCGTCGCGCCAAC
GGGGAGGG,609276,609283,leading,CGGCAGCCAGAGTAAATCCTGCTCACAAAAATTCGCCGGATCGAACTCAACAAAATGCAGCGTATGTCCGGCAAAGGGGAGGGAGGTATGCGTAGTTTTCATATCGACCATATTCGAGACTGATGACAAACGCAAAACTGCCTGATGCGC
GGGGAGGG,668754,668761,leading,GTGATAAGGATGGTTGGTGGTGATGCTCCACGCCCGGTACAGACTCTCTGCGACCAGCACGCGAACCAGCGGATGGGGGAGGGTAAGCGCCGACAGCGACCAGCTCTGCTCAGCCGCCGCTTTACAGGCAGGCGACAACCCTTCAGGCCC
GGGGAGGG,750335,750342,leading,TTAACCAGGCATGTCCTTCCTCGCCAACCATACCCACGCTAATGCCGCTGTCATCCTGGCGGATATCCGCACCGAGGGGAGGGAACTGACCGCTGGCGTTGCGTATGATGACGTTAACGTCTTTACCGGAACGGGAAGCCAGTGATTTGT
GGGGAGGG,777695,777702,leading,CTGCAGCAAAAGCGGCCGCAGAGGCAGATGATATTTTCGGTGAGCTAAGCTCTGGTAAGAATGCACCGAAAACGGGGGGAGGGGCGAAAGGGAACAATGCTTCGCCTGCCGGGAGTGGTAATACTAAAAACAATGGCGCATCAGGGGCCG
GGGGAGGG,907991,907998,leading,CTGAATCAACGCCCTGGCGGTGGTGGGCGGTACGGAAGTAATCACATTGAGAAACCACACCGAAATCCAGCGGGTGGGGAGGGGGATGGGGATCAACCAGCGGCGCTTACCGCTCACCGCCATAAAATGTTCAAACTGTTGCTGATAACT
GGGGAGGG,966429,966436,leading,TGATTATCCCCTGGCTCCACTGGCATAATCTTGAACCGGAAGGCGTTATTCTGAGCCATGAACATCTGGATCACCGGGGAGGGCTGGATTCAATATTGCATATATGGCCGATGTTATGGATCAGAAGTCCGTTAAACTGGGAACATCATC
GGGGAGGG,1108700,1108707,leading,ATAAATCATCTGGTTGATGGAACATTGCCGCTTATCTGGGCGAAGACACGTTTATTAAGTGATGATCCGGCGAAAGGGGAGGGCAAGGCAAAACGGCATTCACTGTTACCGCAGCGCCTGTTCGATATCATGGGCTCACCCAGTGAACGC
GGGGAGGG,1192105,1192112,leading,TTTCTCCCTGTCTTAATTATTAAAATAGTGTAACGCGATTATGTGGTTATGGGGGTAAACATTAAATAAACCAGCGGGGAGGGGAGGTAAAGTGAAAAAATAAAAAGCGGATAATCTTAATAAGCAGGCCGGACAGCATCGCCATCCGGC
GGGGAGGG,1328160,1328167,leading,CAGTGGACGTCGGCGGAAAGGGGAAACACGGAAACTGGATTACGCGTTGCTAGGTTGGGCTATATCGGCAAATTTGGGGAGGGAATGGGCGTTACGCATTGCCCCTTCGCTTTCTTCGGCGATTCGCGCTCCAGAGATTGCCCGTAACGG
GGGGAGGG,1440534,1440541,leading,CTCTTCGGCGATATTGCGTTTTTCCCAGCGCGTAGTGCCCATCGGCCAGGTGCCGTCTGGCGGCAGCGCCGAAACGGGGAGGGCGTCACCAAGCCCGGCGAGCATCGCAGCGGTTACGGTTTTCACGAAATCAGGGGCGGCATCGGAAAC
GGGGAGGG,1559012,1559019,lagging,TTGCGGCAACGTGCGGTTTCCCGGCAGATCCGTTTTACGTAATGCCCATTCTTCCTCCAGCGGTTTATCAATGGCGGGGAGGGAATCCAGCAATAATCGGGTGTATGGATGTGCAGGTGCCGTCAGCACCTGCTGCGCGTCGCCCAGTTC
GGGGAGGG,2060005,2060012,lagging,AGGCATTTTTCTCTTTATCTTTGTACGGTACTTCATGGAACAGAGTTTTTGACCTTGCGAATCGTGATGTCTGTTGGGGAGGGACAATTTGCTCACTGAAGCGTGAGACTCGATTAAGCGCACGAAACACAGAAATCAAAAAACCCGGTC
GGGGAGGG,3821612,3821619,leading,AGCATGGTTCTCTCCCTAAAAATCTGTCTGGCAGGGTAGCGATTTGTGCGCATTGTCACGATTGAGATTTTTTAAGGGGAGGGGAAATTGATAACTTGTAGTTATGTGAAATCGCTATTTTCTGTAGCAGAGATGCATTCTTCTGACTTC
GGGGAGGG,3853602,3853609,leading,GTAGATGATGGGCCTGATTGCAAACCTGCGCGGTTTCACGGCCCGTGTCATGGTATTAATCGCCTTTCCCCTCATGGGGAGGGATTATTCCACGATGAACAGCGGCTTACCAGTCATCTCTTGCGGGATTTCCATACCCATCAGCGACAA
GGGGAGGG,3870174,3870181,leading,GCCATGTTTCGGTGATGCGGAAAGTGCTGCTAAGAATGACCAGCTGGATGCATTATCTTTATTTGGATCATTGAGGGGGAGGGGGGAGATTATGGAACTTTGCTCCTTGTAAGGACTAATTATTTTTGCATATTACTTCATTAGCTTCGA
GGGGAGGG,4626926,4626933,leading,CGTCTCTGGCAGGAAGAAGATGTGCTCTACGCCCTGACCGTATTTAACGGTGAATATACTGGCGGTTGGTTGGTCGGGGAGGGGAATTATCAGCGATGGATTACTGCACAACACCCTGCGGAAATTCCTCTGGATCAAAAACTCACCCAT
GGGCAGGG,48765,48772,leading,ATCGCCATGCTGTGGCTGATTGCCCGACCGTTGCAAGTGCCAAATAAACAGCGTCGTTGGTTTGCGGTGTTGTTAGGGCAGGGCAGTGAGTTTGCCTTTGTGGTATTTGGCGCGGCGCAGATGGCGAATGTGCTGGAGCCGGAGTGGGCG
GGGCAGGG,50607,50614,leading,GCGATGCCCAGTGACCAAAGGCGATGCTGTATTCTTCAGCGACAGGGCCAGGAATCGCAAACCACGGTTTCAGTGGGGCAGGGGCCTCTTCCGGCGATTCTTTGCTGTACATATCCAGTTGACCGTTCGGGAAGCAAAAACGCATACGGG
GGGCAGGG,87585,87592,leading,GGCGATGAAAAAGTACTTGAGCAGATCGAAAAGCAATTACACAAACTGGTCGATGTCTTGCGCGTGAGTGAGTTGGGGCAGGGCGCGCATGTTGAGCGGGAAATCATGCTGGTGAAAATTCAGGCCAGCGGTTACGGGCGTGACGAAGTG
GGGCAGGG,134560,134567,leading,AAGAAAACCTGGCCTTGCTTGATGAAGTGGAACAAGCAGCGCACGCACTGAAAGGTAGCGAACGGTCCTGGCAACGGGCAGGGCATGAATACACCCTGTGGATGGACGGTGAAGAGGTGATGGTTCGCGCCAATCAACTGGAATTCGCTG
GGGCAGGG,188600,188607,leading,AGTATCGATATGGGCTTTTATCCCACCGACGGTTAATTCATCACGGGGCCAGACGCATGGATTTTGCGGTTGACCGGGCAGGGTGGGGAGAGCGGTGTTTGCGTACTGTTCTGGAAGGGTATTCATTGTGCGCCACCCATAAGATTAAAT
GGGCAGGG,227090,227097,leading,CTGACATAAGTAACGATAAAGCGGGTGAAAAGCCCGCTCGCCGGAAGACCAAGGGTTCCTGTCCAACGTTAATCGGGGCAGGGTGAGTCGACCCCTAAGGCGAGGCCGAAAGGCGTAGTCGATGGGAAACAGGTTAATATTCCTGTACTT
GGGCAGGG,249132,249139,leading,GATCCAGGTGACCGGCATCCCGTACGCCGGGTCGTTCCCCTGCACGCCGTCAATCTCGCCGTAGGTTTCGCTGGAGGGCAGGGCCATCAGTTTATCCGCCGGAATATCCGCTTCATCAGCCTTTATGCCGTTGATGAAAATGGCGTACTG
GGGCAGGG,267289,267296,leading,AAGCCAGACGGGTCATAAGCAGACTCCTCATAACGGGAAAACAAATAAAAGGGATCCCCGTCGCATCGGCGACAGGGGCAGGGAAGTAACAGGGATGGGTTAAATACTCAGAAGAAGAAATCCCAGACGGCGCGGGCCACTGACACCACC
GGGCAGGG,325520,325527,leading,AGTGGTTGCTGGCACCAACGCCAGTGCCGCCAAACAGCCACTCCGCACCGATTTTCGGCTGGTTCCACCACTGCAGGGCAGGGTAGAGGGAAACCGGTTCTTTGCACTCATATTGCAGATACATCTCCAGATGATCCTGAAGATTTTCGC
GGGCAGGG,337666,337673,leading,GTCGGCATCGCCATGTTTAGCGATGACCTGAAAAAGCAGCATGTAGAAGTGACTCAACTCGACTGGACGCCGCCGGGGCAGGGCAATATGCAGGTGGTGCAGGCGCTGGATAACATTGCCGATTCGCCGCTGGCGGACAAAATCGCCGCC
GGGCAGGG,368747,368754,leading,CGACTGGCGCAACGTTTCCGTATTGATCGCGTACTGCTGGCGGGCGATGCCGCGCACATCATGCCGGTATGGCAGGGGCAGGGCTATAACAGTGGTATGCGCGACGCCTTTAACCTCGCATGGAAACTGGCGTTGGTTATCCAGGGGAAA
GGGCAGGG,395083,395090,leading,AAGGTATTTCCAGCGTTGCTCGCGCGTTGGCCAGACAAACACCGGACGATGTGCCGCGCCACCGGGCTGTTCACGGGGCAGGGCGCTGGTATGGGTTGCCAGATTGACCAGCGTAATGGGCGTCCCATTGTAGGTTGGCACGCGTGCGCC
GGGCAGGG,445183,445190,leading,AAAGGCGATTAGCATTGTCGCCAGATAGACCTTCCAGTGTTCAGCCGCCGGGAACCCTGCATCAGCCAGTTGTCCGGGCAGGGCAACAAACGTCGACATCAGCAAAATATGCAGACACATAATGCCAAAGTTGAGTTTCAGCAGCCGCGG
GGGCAGGG,469649,469656,leading,CTCATCCTTGATGATGCGCTTTCGGCGGTGGACGGACGCACTGAGCACCAGATCCTGCATAACCTGCGTCAGTGGGGGCAGGGAAGAACGGTAATCATCAGTGCCCATCGCCTTTCTGCACTGACGGAAGCCAGTGAAATTATTGTGATG
GGGCAGGG,507152,507159,leading,AGGCGTATCGCTGGTGGAAACATCCGCCTCGACGATCAGCGCATCGGCGTTTTTGAGCTTTTTGAGCAAACGGGTGGGCAGGGGAGCCATATCGTGGCTACCCATATGAATACTGCCAATCAGATGAAAATGGCGATTGCCGGGGAGGGT
GGGCAGGG,513614,513621,leading,TGGCGAATGCCTGCCCTGGCGATGACAGCGCCGACTGCCCGATTATCGAAAATCTCTCCGGCTGCTGTCATCATCGGGCAGGGTGATTAAGACGAGACGGCTCGGATATGTAGGGTTATCCCTTCTATCGCAATGACTTCAACATGCGTA
GGGCAGGG,520481,520488,leading,TGGCAGCGGTGGCGGTAGCGATGAATCATTACTGTCGCAGTCGCTACGATCTGGTGGCGATCCTCAAAACGCTGGGGGCAGGGCGAGCGCAACTGCGTAAGCTAATCGTCGGTCAGTGGTTGATGGTGCTGACGCTTTCAGCCGTTACCG
GGGCAGGG,620539,620546,leading,TAAACGCACTGACCACAGAAACGCGCAGTTCGCCGGGCACAATCACCCGCCCGATGATATCGGCAAACAGCAGCAGGGCAGGGGTAGCAAGTAGCGTGACGGGCAGCGACCAGCGATGATCGGCACCCACCAGCCAACGCGCCATATGCG
GGGCAGGG,640634,640641,leading,CTGCAATTGCTTAGCCGCCGGGGTCAAACCTGGCGGCTTTTTTATGGCATTAAAAAGCCCCGCCGGGATGGCTCCGGGCAGGGCGGGATACTTATTCTGGCAATTAACGCACAACCAGCACCGGCAGATTGGCGTGGCGGATCACGCTCG
GGGCAGGG,690913,690920,leading,TCTGGCTATAGCCGAACTGTAACCACGGGAAGCCGGTCAGTACCCAACCGCGCAGAAACTCGGTCACTTGCCAGAGGGCAGGGGCGGCAATCGCTACGCGCAGCCAGGTGGTTTTCGGCCACAGACGCGACAGCACGCCAGCAAACAGTC
GGGCAGGG,696414,696421,leading,CGCCATGCGTTGCAGTACGTGCAGCCAGGGCTTGCGCTGGTGGGCGATGCCGCGCATACCATCCATCCGCTGGCGGGGCAGGGAGTGAATCTTGGTTATCGTGATGTCGATGCCCTGATTGATGTTCTGGTCAACGCCCGCAGCTACGGC
GGGCAGGG,703218,703225,leading,TAAAGATCCGGCCCTGGGTTAATGCATACATTCTGACCCCCGATTTTAAAAAATATTGCCCTGAGCAAGGAGCCAGGGCAGGGATAACAATTACAGACCTTTGATATTTTCTGCTTCTAATTCATTGAAATATCTTAAAGTCTTAACTTT
GGGCAGGG,712630,712637,leading,CCTGTGGAAATTGAGCCAGTAAATCATCACGGTACTGCTCGCTAACATACGGAGAATTGCCGCCAGGGATAAACAGGGCAGGGTGATCCCATGCCGGGATTTTCTCCCAACCTACAATATGCGGATACTGATCCCACAATACCGGCACGT
GGGCAGGG,723966,723973,leading,TCTCCGCGCCCAGTTCCTGCGCCAGACGTAAGGCGCTGAGAATTGCCCGACGTTTTTTTTCCGGTAAGCGGTGCAGGGCAGGGGTTTCAACATACACCGCGTGCCAGACGCTACCCAGCCGTGACGCCAGCCGCGCCGCTGCGCGGACCA
GGGCAGGG,727516,727523,leading,CAGTTGTTTACGACTCATATTCAGTGCTCACTCAATATCATCAGGAGAGATATTCCGCCACCGGACCAAGCGCCAGGGCAGGGATAAAGGTCAGTGCGCCAACCAGCAACACGGTGCCGATTAACAGGCCAACAAACAGCGGGCCGTGCG
GGGCAGGG,760211,760218,leading,CGTCTGGACAGACTTGATGAGCCGAGCAGCAACAAAGTGCTGCCAATCACCATCCACGGTGACGCCGCAGTGACCGGGCAGGGCGTGGTTCAGGAAACCCTGAACATGTCGAAAGCGCGTGGTTATGAAGTTGGCGGTACGGTACGTATC
GGGCAGGG,761069,761076,leading,TTCTTCCACCGCCACGCGGTGATCCACAACCAGTCTAACGGTTCCACTTACACGCCGCTGCAACATATCCATAACGGGCAGGGCGCGTTCCGTGTCTGGGACTCCGTACTGTCTGAAGAAGCAGTGCTGGCGTTTGAATATGGTTATGCC
GGGCAGGG,761297,761304,leading,CAGTTCATCTCCTCTGGCGAACAGAAATGGGGCCGGATGTGTGGTCTGGTGATGTTGCTGCCGCACGGTTACGAAGGGCAGGGGCCGGAGCACTCCTCCGCGCGTCTGGAACGTTATCTGCAACTTTGTGCTGAGCAAAACATGCAGGTT
GGGCAGGG,799965,799972,leading,AAATCTCACCACATCTCGGTATACGAAATTGTTGGCGAGCAGGGGCTACTGCATGAAAAAGGCCGCTATGCGGTCGGGCAGGGACCAATGTGGGTGGTGGTTAACGCACACTAACCGCTGATTTACCCGGCGCAGTCTCTCCTGCGCCGG
GGGCAGGG,878491,878498,leading,GGAAACAAAGCCGATTTTCGGCTGGGGAGTTACTTTGCTCATAGCTTAAAAAATATTCAGTTACAGGAAAGGTCAGGGCAGGGATTCTACAGAGTTCTGGATAAAATTTGTATCGCAATCTCATTCGCTGGCGGAGGCGAAGGAAATGTA
GGGCAGGG,879404,879411,leading,GGCGAGTTGCGTCACTGGCAAGCAGGAAAAGGATTATCTGCGCCGCTTTCCGGAGTTCCGGACGTTTGGGCGCACGGGCAGGGCGGCCTGCTGGACGTGGTTTTAGCGCCTGATTTTGCTCAGTCTCGCCGCATCTGGTTAAGTTATTCC
GGGCAGGG,914485,914492,leading,CACTAACAGGCTAAGAATAAAACCGTGAACAATTGCCGCCGGGACCATATCCAGCCCGCCAGTACGTTGAAGAACGGGCAGGGTGAAATCCATTGATGTGGCACCGCATAAGCCCAGTGCAGTAGAGCGGCTGCGGCGAATCAGCCCAGG
GGGCAGGG,994718,994725,leading,GGCAGAAATGGTTTCGGCAACAATCAGCGTCAGCCACATCAGGCCCAACGCAAAACGCACGCCGACCATAATTGAGGGCAGGGCACCAGGCAGGATCACATGGATAAACAGCGGTATGCCGGATAATCCATAGCTACGCGCCATCTCCAC
GGGCAGGG,1002691,1002698,leading,GTTCCTTTCGAAAACGTGGGCACAGGGGGGGATACCCGATGGCATATTTGCGACCCTGGCGGTCAACGTTTAGGTGGGCAGGGGGCAAGCGGTAATAGCGGTAGCTTTTCCCTGAAAATATTGCAGCCGTTCGTTGGCTCGGTCGTCATT
GGGCAGGG,1046895,1046902,leading,AGCAAAATAGTTCGCCTGCAAGTTGTTGAGATAAACGTCATTGCGAACGTAGTCACGGATATGCGTGCGCACGCGGGGCAGGGTAGAGTCCGCGGGCAACAGCGAAGACTTAAACTTGTCGTAGTTGTTGTAAATATTGGTGAAAATACC
GGGCAGGG,1047518,1047525,leading,GGTTTGCTACCGTGGTGTACTGCAATCCTTCAGATTCAGGCGCAGGTTGATATGCCGGTTTTGGCGTATCGCGCAGGGCAGGGCGCAGATCGTTGAAATTGGTCCGTAACGTGAAGCCAAACATCAACGTGTTACCGCGTTCATAACTCA
GGGCAGGG,1071513,1071520,leading,CAGAGCATTAAACGTTTCGGGATCGGTCACGTTGCAGGCGTGTCCGCCATAGGGCATCACCATTTTCTGGCTATCGGGCAGGGCGGCATGAAGTTCACTGGAACATGCTGTTGGCACCAGCAGATCATCACTGGCGCAGATGATTTGCAC
GGGCAGGG,1100885,1100892,leading,ATGTGTATTCAGGCCAAACAGCTGCTGCTTTCATTTGTTCCGGGGACGTTTATAGGCGCATGCGCGACGTTTGCCGGGCAGGGTGACTGGAAACTGGTGTTACCTTCGCTGGCGCTTGGGCTGATATTTGGTTACGCAATGAAAAACAGT
GGGCAGGG,1115231,1115238,leading,ATGCGTTTAATTGTGGTGAGCATCATGGTGACCTTGCTGAGTGGCTGTGGCAGCATTATTAGTCGCACTATACCGGGGCAGGGGCATGGCAACCAATATTATCCCGGTGTGCAATGGGATGTGCGTGACTCCGCCTGGCGTTATGTCACG
GGGCAGGG,1129118,1129125,leading,CGTGAAACCGTGCAGGCCGTGACTGACGGTGCGCTCATCGACATTACGGATATGCGCGAATGGCGTGAGGAGCGCGGGCAGGGCGTAGTGCATAAACCGATTCCTGGTTGGCAGAGTACGCTTGAGCAACGTGGGTTTGTCGGCTGTGCG
GGGCAGGG,1136600,1136607,leading,CCGGTCGCCACTGAACGCTTACACAGCCAGGGAAACCTGTCGCAGACCAACAACAGCAAAGATGTCGCGATTAAAGGGCAGGGCTTTTTCCAGGTGATGTTGCCAGATGGTTCATCAGCCTATACCCGTGACGGCTCTTTCCAGGTGGAT
GGGCAGGG,1140523,1140530,leading,GCGTTGATCAGATCAACAACTACGCTAAACAAATTGCCAGCCTGAACGATCAAATCTCGCGCCTGACAGGCGTGGGGGCAGGGGCGTCACCTAACAATCTGCTGGATCAACGCGATCAACTGGTGAGCGAATTAAACCAGATTGTTGGTG
GGGCAGGG,1196115,1196122,leading,AATACTTTTGCGTTCACGAATTGGTGGATTCCGCGGCCATAACCACGCGGGTTCGTCAACCAGCTCCGCGCCGGCGGGCAGGGTAGGGCCATCATTTAAGGTTACGCCATTGCGCAAGGCTTCAAGTGCGTCTTGTGTGGGAATACCTTC
GGGCAGGG,1204146,1204153,leading,TCTCCCGGGCGGTACTCATCAATCATTGAATCACCTATTACCCGCAAGATATAAGTCATTTCCCCACAGGGTACAGGGCAGGGATACGTTTCTGCTGTGCTCAAATCAACCTCAGAATATCCAACTTCTTTCCATGCTCCGGCCTGTACC
GGGCAGGG,1233939,1233946,leading,CCCGGGAGTGAGCAATTGATGACGGTAATGGATACACTGAATGCTAAAGAGGGCAGAGGAACACTCTATTTTGCCGGGCAGGGGATCCAGCAACAATGGCAGATGAAGCGAGCCATGCTTTCACCACGTTATACAACGCGAAGTTCTGAT
GGGCAGGG,1242992,1242999,leading,GCTACCTTCCAGCGCAGTAGTTAATGAGAAAATCAGAATACCGCCACTTAATGCCAGCAATGGATATAATCCGGCGGGCAGGGCGATGCGGTTGATCATTTGCAGTAGTAAATAACCGCCGCCAAGACCTATTACAATGCCCAGACCAAA
GGGCAGGG,1265066,1265073,leading,ACCTTTGGGCGTGGTAACGGAACAGGCAGTGAGCACAAGAGCAGCCAGCGGTAGCAGGCGGATAAGACGAAAATCGGGCAGGGGCATAGTGATGACAAGTCCTTGAGATACGTTGCAGTTATAACCCTTAATGCTAGCGTTACCGTCCGC
GGGCAGGG,1280560,1280567,leading,ACTCGTGTCACGCTGGTGAACTTTATTCTGATGGCGATTTTCAGCGGCCTGCTGTTCCTGACCTTACCGACTGACGGGCAGGGCGGAAGCTTCATGGCGTTCTTCGCGGTCTTCCTGGCGCTGTTCCTGACAGCTGGGCTGGGTAGTGGT
GGGCAGGG,1290294,1290301,leading,TGAGAGTGTTTGCTAAACCGTACCGTCAACCATTATTGGCCGCAGCACTTTTTAAATTTTTTACCTGAACCACAAGGGCAGGGATCGTTGCGACCAAACTGCGGACGTGTACCGTCAATATAGTACCATTGACCGTTTTCTTTCAAAAAT
GGGCAGGG,1320402,1320409,leading,CCAGTCAAAACGTTGCCCGCTTCCACCCTGGCCGTTGTCTAAAACATATTTATCAACGTGCTGAAACTCGCGGGCGGGCAGGGTTTCACCGACGCTTAATGCTTTCCAGATGGCAACATGTGCTGGCAGAGCTTCACGCAGCGTATCGAT
GGGCAGGG,1323837,1323844,leading,TCATTATCCTGCATAAAAAACATGTACGGGCTGGGATTACTCTTTTTCAGCACGTAATAGGCCGCCAGCGGTGACGGGCAGGGCAGAGAGAAACGGCGAGATGGCACCACCTGGAAAATTTCTCCAGCGCGAATCGCTTTTTGCAACAAA
GGGCAGGG,1387474,1387481,leading,GCGTTACGTCCGAAACGCAGCCTGTGGCGCAAAATGGTGATGGGAGGGCTGGCTCTGTTTGGCGCAAGCGTTGTCGGGCAGGGTGTACAGTGGACAATGAATGCCTGGCAAACCCAGGACTGGGTGGCGCTGGGTGGATGTGCCGCTGGG
GGGCAGGG,1466016,1466023,lagging,TTTTACTGATCCATTTTTATCGCCGTGTCGTCCTTAAAGACCCATTGTTGCCGGAGGAGTTGCTTCCGGCACACTGGGCAGGGCATACGGCGCGTCAGCTGTGTATCAACATTTATCAGCGCGTAGCGCCTGCTGCTTTAGCGTTCGTTA
GGGCAGGG,1475923,1475930,lagging,TAATCTTGTTTACACCTTCGCATTATTTATCTCTTTTCGTTTCTATACTGATTTTTCTTAATCCGTTTTATTACAGGGCAGGGTGCGATGAGCAGCAATACATTTACTCTCGGTACAAAATCCGTTAACCGTCTTGGTTATGGCGCGATG
GGGCAGGG,1500967,1500974,lagging,GTTATCTCGTTTAATCGTATTGAACCACTGAATAAAACCGCTGAAATAGGCTACTGGCTGGACGAATCTCATCAGGGGCAGGGGATCATTTCTCAGGCGCTGCAGGCATTGATTCATCATTACGCCCAGTCTGGTGAACTTAGACGCTTC
GGGCAGGG,1506847,1506854,lagging,ATGCAGCGCCTGATACAAACTGCCGCCGATGGTACTTAACAGCGCCAGACCTGCCAGCATCTGGATCCAACTTACGGGCAGGGCAGCCATCATCCCGGTAATGGCACTACCAAACAGACCTGCGAGCAAATAGAAAATGCCTGCAACGGC
GGGCAGGG,1518536,1518543,lagging,CAACGAAGAACAGGTGGTGAACTGGGCGAATGACAGCCAGTACGGACTTGCATCTTCGGTATGGACGAAAGATGTGGGCAGGGCGCATCGCGTCAGCGCACGGCTGCAATATGGTTGTACCTGGGTCAATACCCATTTCATGCTGGTAAG
GGGCAGGG,1529063,1529070,lagging,GGATGTATTTTAAATGTTGATTCTTAATATAACCTAATCAATAGATTATCAAGTGAGAGCTACACATTATTGGAGGGGCAGGGGAAAACACCATTTTGGGAACAATGCATCAGGTACTCTTACCACTGAAGCAAGATCATCCGGCACCAG
GGGCAGGG,1532181,1532188,lagging,TAAATGGTCATAATGAACAACACCAGAAAGAGAAAAATATAAAATACATACAGAAAGACATGAGAGCAAGGGACGGGGCAGGGCAAGATCATGAAAATTGTGATGTAAATCACGATTTTCATCTTTGCTTTAACGCCTACAGGTGATCAA
GGGCAGGG,1570824,1570831,lagging,CTGACTGTTGATTGGCTCCAGAGTGACGCCGGTATTTGCTTTGCCTTTACGATCATGAACAGCATAGAGAATAAAGGGCAGGGCAAGTACCACCAGGAAACTAACAACCAGTAATTCAACATACATATCGGTAGAATCACCCTGGATGTT
GGGCAGGG,1579692,1579699,lagging,GTGGTCATGAATACGCGCAGCCAATTTCCCAAGACCAACCTGATGCAGTACTTCGCTCAACGATTTATCGTCTACGGGCAGGGGAAGTGCTTTACAAATAATCTCTTTCAGTAAGCCGGTTTTGATTAACGGTGTTTGTGACACATACCA
GGGCAGGG,1580816,1580823,lagging,ATTCGCGCCAGCGAATAGTCAGTAGTTTAATTAACCATGTTTTGTTTACGGATATTAATACAAAGATCCCCAGCAGGGCAGGGAACCAAAGGACAAGCTGCCAAAGCTTATCGGTTTCTTTCTGGCTTAGCGCATTGAAAAAATCATTAT
GGGCAGGG,1584572,1584579,lagging,GGTTATGCAAGTGCATAAATATGTGATGGATGTCACTTATTTATTTCAATAAATATATCGCCTAAAAACAACGCGGGGCAGGGAATGGCTGCCCCATTTAATTCTTACGCAGCGTGTGTGGTTGACTACTCGTTAGCAAATAATCAAATA
GGGCAGGG,1592341,1592348,lagging,CCTTAAATAAGTAACAGCACCCTCTGGTGTTTTCGTATGCAGTGTCTATGCGACAGACACTGCGCTCTTAGCATGGGGCAGGGAATAACCAGGCTATTTCTCCATGCACAGGCCAATTATGAAAGAGGAGAGGCTTAAGTTCTTGAACCC
GGGCAGGG,2078134,2078141,lagging,GCAACGGCGAATGGTCTGATTCTCATGAAACTGCCGGAAACCTGGAGTACAAATGAGAAAATGTTTGCTTCCGGAGGGCAGGGACATGGGTTTGCCGCTGAACGGGGAAACCATATTGTCGACAGAGTCCGTCTGAAAAACGCACGGATC
GGGCAGGG,2590428,2590435,lagging,GAACGTTTGCAGGCGATCGGTTTTACCGTTGAACGCATGGACTTTGCCGATACGCAGAATTTTTGGGCATGGCGTGGGCAGGGTGAAACGTTAGCCTTTGCCGGGCATACCGACGTGGTGCCGCCTGGCGACGCCGATCGTTGGATCAAT
GGGCAGGG,3511009,3511016,lagging,GCTCCGCAACGCCCGCGCTGGAAACGTTATGCAACGTCCAGCAGAAAAAATACCGCCTGCTGCGCCTGACCCGTCGGGCAGGGAATGCGCGTCCGGCAATTCAACATGTGCTGGATTTAAAAGGTCAGAAGGTGCAGGCAGGTCTGGCTC
GGGCAGGG,3774551,3774558,leading,ATAAACTGTTTGATATTCCACTGCCGGTAGTGCTGGGGATTTTCTCCGGTGCGGTTACCAATACGCCAGCGCTGGGGGCAGGGCAGCAGATTTTGCGCGACCTGGGTACACCAATGGAAATGGTCGATCAGATGGGGATGAGTTACGCGA
GGGCAGGG,3792488,3792495,leading,GCCCGCAGGCGTTAGGTTTACCGGCGGTCGGTGAATGGCGACACGACGCGCTGGAAATTGCTCAACAACAAGAAGGGGCAGGGTTGACGCGTAAAGAGATCCTCACCAAATATGTGTTGCTGAATCCGTATATCTGGCTGCTTTCGTTTT
GGGCAGGG,3858856,3858863,leading,CACTACCGACACCGCATTGGACAGATTCATGCTGCGGCTGTCCGGCACCATCGGAATGCGAATTTTTTGTTCAGCGGGCAGGGCATCAAGAATGCTCGCTGGCAGGCCGCGTGTTTCCGGGCCGAACATCAGATAATCGCCATCCTGATA
GGGCAGGG,3878032,3878039,leading,GAGGCTCCCCACCGGCGCGGGCGTTTTTGTCCGGTAACTGCTGTAGGTGCGGGAGAGGATGAACGGCAGCGGGCCGGGCAGGGCGATGTCGGTTTCACCGGGAAGGACCTTTGCACCGAGCAGGGGATTGACCGGATGGCCGGACGTCAC
GGGCAGGG,3931868,3931875,leading,CCGACCAAATTCGAAAAGCCTGCTCAACGAGCAGGCTTTTTTGCATCTGCAGCTCATGAGGATGAGAACCTCCGGGGGCAGGGAGGTTCGACTCGAGCGAAGCGAGAGAACGTTGCGCCAGCAACGGCCCGCAGGGCGAGCCACGAAGTG
GGGCAGGG,3932036,3932043,leading,CCGACCAAATTCGAAAAGCCTGCTCAACGAGCAGGCTTTTTTGCATCTGCAGCTCATGAGGATGAGAACCTCCGGGGGCAGGGAGGTTCGACTCGACGTAGGCCTGATAAGACGCGTCAGCGTCGCATCAGGCAAATGTGCCGGCCATTG
GGGCAGGG,3978528,3978535,leading,GCGTGTTGAAGCGTGCGAACAGGGCGTTAGGTTTGTGACCGCCTTCCGGCGCGGCTTTCAGAATGGTGGCGCACAGGGCAGGGGTCAGGCTCATTGCCACAAATACTGAAAGCAGCATGGAGGAGATCAGCGTGATGGAGAACTGGCGGT
GGGCAGGG,4021023,4021030,leading,GAGGCTCCCCACCGGCGCGGGCGTTTTTGTCCGGTAACTGCTGTAGGTGCGGGAGAGGATGAACGGCAGCGGGCCGGGCAGGGCGATGTCGGTTTCACCGGGAAGGACCTTTGCACCGAGCAGGGGATTGACCGGATGGCCGGACGTCAC
GGGCAGGG,4026275,4026282,leading,GCCAATCGGCGCTTTAATTCCGTTCATGGTTTCATGGTTTTTAAACTGCGAGGGAGCGATAAAACGGAAAGGACGGGGCAGGGCCAGTTCTTGCAGGAAAGGATAGTAGGCGCTTTTCAGGGTAATTTGCAGCTCTGTTTTACTGAGTGC
GGGCAGGG,4060920,4060927,leading,TTTGCCAACTATTACGATCCGAACTTTATGGGCTTCTCCGCGCTGCGCGTGATTAACGACGACGTGATTGAAGCAGGGCAGGGCTTCGGCACTCACCCGCATAAAGATATGGAAATTTTGACCTACGTGCTGGAAGGTACTGTTGAGCAT
GGGCAGGG,4114810,4114817,leading,GATTTGCTGGAAGACCCTGACTTCAATGAAGCGCGCAATGTCAGTGCGCTGTTCCTCGTGCGCGAATGGTTGAAAGGGCAGGGGCGAGTGTAAATGCGTGAAGTTTGCCTGATGCACAATGTTTATCAGGCTTATGGGGTTTCTGCAATT
GGGCAGGG,4124531,4124538,leading,GTCGGAGCTTTCTCCACAGCCGGAGAAGGTGTAATTAGTTAGTCAGCATGAAGAAAAATCGCGCTTTTTTGAAGTGGGCAGGGGGCAAGTATCCCCTGCTTGATGATATTAAACGGCATTTGCCCAAGGGCGAATGTCTGGTTGAGCCTT
GGGCAGGG,4149170,4149177,leading,AGCTTGGTCCGCTGGTGCGCGGTTTACCGCATTTGCGAACTATCCATCGCCAGCTGTATCAGGATATTTTCGACTGGGCAGGGCAACTGCGTGAAGTTGATATTTATCAGGGTGATACGCCGTTCTGCCACTTTGCTTATATCGAAAAAG
GGGCAGGG,4153350,4153357,leading,AGGAAGCAATTTTGCGTGCAATGGCCCCAGCTCAGCAGTGACGCCAAGTACCAGCGTTAATCCGGTCAGCAAAAAGGGCAGGGGAACATCTTTTGCCAGTAGTAGCTGTGTCAGCAAGCTACAGGTGGCAAACAGCGACGCACCAATGAT
GGGCAGGG,4214964,4214971,leading,CTGACATAAGTAACGATAAAGCGGGTGAAAAGCCCGCTCGCCGGAAGACCAAGGGTTCCTGTCCAACGTTAATCGGGGCAGGGTGAGTCGACCCCTAAGGCGAGGCCGAAAGGCGTAGTCGATGGGAAACAGGTTAATATTCCTGTACTT
GGGCAGGG,4461101,4461108,leading,TTCGATCACGCCGATATCTTTGACGACCTGAAAGCGATCCAGAAACAGTTCCACCATCTGGTGCGTATCGTTCCGGGGCAGGGCCGTATTATCTGGCCGGAAAATGACATCAACCTGAAACAGACCATGGCGATGGGCTGCTGGAGCGAG
GGGCAGGG,4492124,4492131,leading,ACCATCATGATGACACTGTTCATGCTGGTGTCGCTGTCGGGCATTATCAAGTTTGTCGATCAGCTGAAAAAAGCCGGGCAGGGGAGTTACGACGCGTTAGGCGCAGGAATGTATACCTTGCTGAGCGTGCCGAAAGATGTGCAGATCTTC
GGGCAGGG,4528445,4528452,leading,GTATGGTAGCGAATCAAACATCCCCGTTGTACCCTGAGTACGCCCGTCACAAGGATCGGAGACGTACACGGCATAGGGCAGGGCATGGTTGGCTTTAATAACCTCGGCCGCCGCTTTCATCTGGATGTCCAGTTCGTAATGCCCCTGGTG
GGGCAGGG,4548371,4548378,leading,CCGGGTGCTGCTAATGCGGATGCGACCTTCAAGGTTCAGTATCAATAACCTACCCAGGTTCAGGGACGTCATTACGGGCAGGGATGCCCACCCTTGTGCGATAAAAATAACGATGAAAAGGAAGAGATTATTTCTATTAGCGTCGTTGCT
GGGCAGGG,4643389,4643396,leading,ATTGGTGTGGTGAAAGCGCCTGAAGTTAACGGAACGGCGCTGACCATTGAACCCGGCACCGGGTTAGAGCAAGGCGGGCAGGGCGTGCATATCCCTTTACCTGAAGGGGACTGGCGGAAGCAGAACCTGAAGCTGAATATGGCCCTGAAT
